item_id,item_name,img,major_id,mid_id
,あなあきショートデニム,img\item\bottoms\bottoms(1).png,2,45
,あなあきデニム,img\item\bottoms\bottoms(2).png,2,45
,がくせいふくのズボン,img\item\bottoms\bottoms(3).png,2,45
,きかがくししゅうのスカート,img\item\bottoms\bottoms(4).png,2,45
,きぞくのズボン,img\item\bottoms\bottoms(5).png,2,45
,きれいめハーフパンツ,img\item\bottoms\bottoms(6).png,2,45
,こしみの,img\item\bottoms\bottoms(7).png,2,45
,ししゅうのはながらスカート,img\item\bottoms\bottoms(8).png,2,45
,すそみせズボン,img\item\bottoms\bottoms(9).png,2,45
,せいふくのズボン,img\item\bottoms\bottoms(10).png,2,45
,たんけんふくのズボン,img\item\bottoms\bottoms(11).png,2,45
,ちどりのスカート,img\item\bottoms\bottoms(12).png,2,45
,ちどりスカート,img\item\bottoms\bottoms(13).png,2,45
,はながらスカート,img\item\bottoms\bottoms(14).png,2,45
,はながらレースのスカート,img\item\bottoms\bottoms(15).png,2,45
,ひざあてズボン,img\item\bottoms\bottoms(16).png,2,45
,まえボタンレースのスカート,img\item\bottoms\bottoms(17).png,2,45
,みずたまロングスカート,img\item\bottoms\bottoms(18).png,2,45
,みどりのこしみの,img\item\bottoms\bottoms(19).png,2,45
,めいさいスカート,img\item\bottoms\bottoms(20).png,2,45
,めいさいパンツ,img\item\bottoms\bottoms(21).png,2,45
,もこもこホットパンツ,img\item\bottoms\bottoms(22).png,2,45
,もんぺ,img\item\bottoms\bottoms(23).png,2,45
,やぶれたズボン,img\item\bottoms\bottoms(24).png,2,45
,ゆめかわなズボン,img\item\bottoms\bottoms(25).png,2,45
,アウトドアパンツ,img\item\bottoms\bottoms(26).png,2,45
,アニマルがらスカート,img\item\bottoms\bottoms(27).png,2,45
,アメコミがらハーフパンツ,img\item\bottoms\bottoms(28).png,2,45
,アメフトズボン,img\item\bottoms\bottoms(29).png,2,45
,エスニックパンツ,img\item\bottoms\bottoms(30).png,2,45
,エナグワス,img\item\bottoms\bottoms(31).png,2,45
,エプロンつきスカート,img\item\bottoms\bottoms(32).png,2,45
,カウボーイパンツ,img\item\bottoms\bottoms(33).png,2,45
,カットレザースカート,img\item\bottoms\bottoms(34).png,2,45
,カンフーなズボン,img\item\bottoms\bottoms(35).png,2,45
,カーゴパンツ,img\item\bottoms\bottoms(36).png,2,45
,ガウチョパンツ,img\item\bottoms\bottoms(37).png,2,45
,キャリアなスカート,img\item\bottoms\bottoms(38).png,2,45
,キュロット,img\item\bottoms\bottoms(39).png,2,45
,キルト,img\item\bottoms\bottoms(40).png,2,45
,ギンガムチェックのスカート,img\item\bottoms\bottoms(41).png,2,45
,クロップドパンツ,img\item\bottoms\bottoms(42).png,2,45
,ケイトのスカート,img\item\bottoms\bottoms(43).png,2,45
,ケイトのハーフパンツ,img\item\bottoms\bottoms(44).png,2,45
,ケミカルウォッシュデニム,img\item\bottoms\bottoms(45).png,2,45
,コメディアンのパンツ,img\item\bottoms\bottoms(46).png,2,45
,コルテ,img\item\bottoms\bottoms(47).png,2,45
,コーデュロイスカート,img\item\bottoms\bottoms(48).png,2,45
,コーデュロイボトム,img\item\bottoms\bottoms(49).png,2,45
,ゴブランハーフパンツ,img\item\bottoms\bottoms(50).png,2,45
,ゴールドドットパンツ,img\item\bottoms\bottoms(51).png,2,45
,サイクルボトム,img\item\bottoms\bottoms(52).png,2,45
,サッカーのズボン,img\item\bottoms\bottoms(53).png,2,45
,サテンのパンツ,img\item\bottoms\bottoms(54).png,2,45
,サーフパンツ,img\item\bottoms\bottoms(55).png,2,45
,シャギーチェックのホットパンツ,img\item\bottoms\bottoms(56).png,2,45
,シャビーなスカート,img\item\bottoms\bottoms(57).png,2,45
,ジャージショートパンツ,img\item\bottoms\bottoms(58).png,2,45
,ジャージズボン,img\item\bottoms\bottoms(59).png,2,45
,スウェットスカート,img\item\bottoms\bottoms(60).png,2,45
,スウェットパンツ,img\item\bottoms\bottoms(61).png,2,45
,スウェットフリルズボン,img\item\bottoms\bottoms(62).png,2,45
,スウェットロングスカート,img\item\bottoms\bottoms(63).png,2,45
,スキーウェアのズボン,img\item\bottoms\bottoms(64).png,2,45
,ステテコ,img\item\bottoms\bottoms(65).png,2,45
,スパンコールのホットパンツ,img\item\bottoms\bottoms(66).png,2,45
,スポーツジャージのズボン,img\item\bottoms\bottoms(67).png,2,45
,スラックス,img\item\bottoms\bottoms(68).png,2,45
,セーラーふくのスカート,img\item\bottoms\bottoms(69).png,2,45
,タイダイスカート,img\item\bottoms\bottoms(70).png,2,45
,タイパンツ,img\item\bottoms\bottoms(71).png,2,45
,ダウンスカート,img\item\bottoms\bottoms(72).png,2,45
,ダウンパンツ,img\item\bottoms\bottoms(73).png,2,45
,ダンスジャージズボン,img\item\bottoms\bottoms(74).png,2,45
,チェックのロングスカート,img\item\bottoms\bottoms(75).png,2,45
,チェーンつきパンツ,img\item\bottoms\bottoms(76).png,2,45
,チノパン,img\item\bottoms\bottoms(77).png,2,45
,チマヨがらフリースパンツ,img\item\bottoms\bottoms(78).png,2,45
,チャイナなクロップドパンツ,img\item\bottoms\bottoms(79).png,2,45
,チャイナなズボン,img\item\bottoms\bottoms(80).png,2,45
,チュチュスカート,img\item\bottoms\bottoms(81).png,2,45
,ツイードスカート,img\item\bottoms\bottoms(82).png,2,45
,ツイードパンツ,img\item\bottoms\bottoms(83).png,2,45
,ツイードフリルスカート,img\item\bottoms\bottoms(84).png,2,45
,ツートンなズボン,img\item\bottoms\bottoms(85).png,2,45
,ティアードスカート,img\item\bottoms\bottoms(86).png,2,45
,テニススカート,img\item\bottoms\bottoms(87).png,2,45
,デニムのペインターパンツ,img\item\bottoms\bottoms(88).png,2,45
,デニムショートパンツ,img\item\bottoms\bottoms(89).png,2,45
,デニムスカート,img\item\bottoms\bottoms(90).png,2,45
,デニムパンツ,img\item\bottoms\bottoms(91).png,2,45
,ドットミニスカート,img\item\bottoms\bottoms(92).png,2,45
,ドレープスカート,img\item\bottoms\bottoms(93).png,2,45
,ニットスカート,img\item\bottoms\bottoms(94).png,2,45
,ニットパンツ,img\item\bottoms\bottoms(95).png,2,45
,ハデなスラックス,img\item\bottoms\bottoms(96).png,2,45
,ハーフカーゴパンツ,img\item\bottoms\bottoms(97).png,2,45
,バスケットパンツ,img\item\bottoms\bottoms(98).png,2,45
,パインがらアロハパンツ,img\item\bottoms\bottoms(99).png,2,45
,パッチワークスカート,img\item\bottoms\bottoms(100).png,2,45
,パールつきスカート,img\item\bottoms\bottoms(101).png,2,45
,ヒッコリーのペインターパンツ,img\item\bottoms\bottoms(102).png,2,45
,ヒョウがらミニスカート,img\item\bottoms\bottoms(103).png,2,45
,ファースカート,img\item\bottoms\bottoms(104).png,2,45
,フィットネススウェットパンツ,img\item\bottoms\bottoms(105).png,2,45
,フリルつきパンツ,img\item\bottoms\bottoms(106).png,2,45
,フリルスカート,img\item\bottoms\bottoms(107).png,2,45
,フリンジスカート,img\item\bottoms\bottoms(108).png,2,45
,フレアスカート,img\item\bottoms\bottoms(109).png,2,45
,プリントデニム,img\item\bottoms\bottoms(110).png,2,45
,ベルトのまきスカート,img\item\bottoms\bottoms(111).png,2,45
,ベルボトムパンツ,img\item\bottoms\bottoms(112).png,2,45
,ボアスカート,img\item\bottoms\bottoms(113).png,2,45
,ボアハーフパンツ,img\item\bottoms\bottoms(114).png,2,45
,ボタニカルハーフパンツ,img\item\bottoms\bottoms(115).png,2,45
,ボタンのまきスカート,img\item\bottoms\bottoms(116).png,2,45
,ボックスプリーツスカート,img\item\bottoms\bottoms(117).png,2,45
,ボンテージパンツ,img\item\bottoms\bottoms(118).png,2,45
,ボーダーパンツ,img\item\bottoms\bottoms(119).png,2,45
,マルチカラーのハーフパンツ,img\item\bottoms\bottoms(120).png,2,45
,マルチストライプのホットパンツ,img\item\bottoms\bottoms(121).png,2,45
,マルチストライプワイドパンツ,img\item\bottoms\bottoms(122).png,2,45
,ムエタイパンツ,img\item\bottoms\bottoms(123).png,2,45
,ムートンスカート,img\item\bottoms\bottoms(124).png,2,45
,ヨットのショートパンツ,img\item\bottoms\bottoms(125).png,2,45
,ランニングパンツ,img\item\bottoms\bottoms(126).png,2,45
,レインパンツ,img\item\bottoms\bottoms(127).png,2,45
,レザーのショートパンツ,img\item\bottoms\bottoms(128).png,2,45
,レザーのフレアスカート,img\item\bottoms\bottoms(129).png,2,45
,レザースカート,img\item\bottoms\bottoms(130).png,2,45
,レザーパッチスカート,img\item\bottoms\bottoms(131).png,2,45
,レザーパンツ,img\item\bottoms\bottoms(132).png,2,45
,レモンのスカート,img\item\bottoms\bottoms(133).png,2,45
,レースショートパンツ,img\item\bottoms\bottoms(134).png,2,45
,レーススカート,img\item\bottoms\bottoms(135).png,2,45
,ロングセーラースカート,img\item\bottoms\bottoms(136).png,2,45
,ロングチノスカート,img\item\bottoms\bottoms(137).png,2,45
,ロングデニムスカート,img\item\bottoms\bottoms(138).png,2,45
,ロングプリーツスカート,img\item\bottoms\bottoms(139).png,2,45
,ワイドイージーパンツ,img\item\bottoms\bottoms(140).png,2,45
,ワイドチノ,img\item\bottoms\bottoms(141).png,2,45
,ワークアウトパンツ,img\item\bottoms\bottoms(142).png,2,45
,ＭＡ‐１スカート,img\item\bottoms\bottoms(143).png,2,45
