item_id,item_name,img,major_id,mid_id
,MA-1,img\item\topps\topps(1).png,2,44
,No.1のふく,img\item\topps\topps(1).png,2,44
,No.2のふく,img\item\topps\topps(1).png,2,44
,No.3のふく,img\item\topps\topps(1).png,2,44
,No.4のふく,img\item\topps\topps(1).png,2,44
,OKモータースジャケット,img\item\topps\topps(1).png,2,44
,あんないがかりのふく,img\item\topps\topps(1).png,2,44
,いたまえのふく,img\item\topps\topps(1).png,2,44
,いちばんぼしのふく,img\item\topps\topps(1).png,2,44
,うさぎのＴシャツ,img\item\topps\topps(1).png,2,44
,うでカバーつきエプロン,img\item\topps\topps(1).png,2,44
,うみのはんてん,img\item\topps\topps(1).png,2,44
,えいじＴシャツ,img\item\topps\topps(1).png,2,44
,えきでんなふく,img\item\topps\topps(1).png,2,44
,えんびふく,img\item\topps\topps(1).png,2,44
,おうさまのふく,img\item\topps\topps(1).png,2,44
,おうじさまシャツ,img\item\topps\topps(1).png,2,44
,おおばんストールＴシャツ,img\item\topps\topps(1).png,2,44
,かいきんシャツ,img\item\topps\topps(1).png,2,44
,かいとうのふく,img\item\topps\topps(1).png,2,44
,かえるのＴシャツ,img\item\topps\topps(1).png,2,44
,かさねぎプリントＴシャツ,img\item\topps\topps(1).png,2,44
,かさねぎＴシャツ,img\item\topps\topps(1).png,2,44
,かすみのふく,img\item\topps\topps(1).png,2,44
,かっちゅう,img\item\topps\topps(1).png,2,44
,かんごしのジャケット,img\item\topps\topps(1).png,2,44
,かんじＴシャツ,img\item\topps\topps(1).png,2,44
,がくしのふく,img\item\topps\topps(1).png,2,44
,がくせいふく,img\item\topps\topps(1).png,2,44
,がらものフリース,img\item\topps\topps(1).png,2,44
,きぞくのコート,img\item\topps\topps(1).png,2,44
,きのセーター,img\item\topps\topps(1).png,2,44
,くまのＴシャツ,img\item\topps\topps(1).png,2,44
,けっしょうのセーター,img\item\topps\topps(1).png,2,44
,こうつうゆうどうのふく,img\item\topps\topps(1).png,2,44
,こしまきシャツ,img\item\topps\topps(1).png,2,44
,こんにちはＴシャツ,img\item\topps\topps(1).png,2,44
,さかなＴシャツ,img\item\topps\topps(1).png,2,44
,さぎょうふく,img\item\topps\topps(1).png,2,44
,ししゅうのキャミソール,img\item\topps\topps(1).png,2,44
,しましまＴシャツ,img\item\topps\topps(1).png,2,44
,じゅうきしのふく,img\item\topps\topps(1).png,2,44
,すこやかなセーター,img\item\topps\topps(1).png,2,44
,そうがんきょうつきベスト,img\item\topps\topps(1).png,2,44
,そでなしＧジャン,img\item\topps\topps(1).png,2,44
,たいそうふく,img\item\topps\topps(1).png,2,44
,たきのうベスト,img\item\topps\topps(1).png,2,44
,たぬきかいはつアロハ,img\item\topps\topps(1).png,2,44
,たぬきかいはつアロハ・グリーン,img\item\topps\topps(1).png,2,44
,たぬきかいはつアロハ・コーラル,img\item\topps\topps(1).png,2,44
,たぬきかいはつブルゾン,img\item\topps\topps(1).png,2,44
,たぬきかいはつＴシャツ,img\item\topps\topps(1).png,2,44
,たんけんふく,img\item\topps\topps(1).png,2,44
,ちどりのカーディガン,img\item\topps\topps(1).png,2,44
,つつましいニット,img\item\topps\topps(1).png,2,44
,つりジャケット,img\item\topps\topps(1).png,2,44
,てづくりのマント,img\item\topps\topps(1).png,2,44
,とうじのセーター,img\item\topps\topps(1).png,2,44
,ぬいぐるみマフラーつきコート,img\item\topps\topps(1).png,2,44
,はくい,img\item\topps\topps(1).png,2,44
,はっぴ,img\item\topps\topps(1).png,2,44
,はながらのニット,img\item\topps\topps(1).png,2,44
,はながらのプリントキャミ,img\item\topps\topps(1).png,2,44
,はながらのＴシャツ,img\item\topps\topps(1).png,2,44
,ははのてあみセーター,img\item\topps\topps(1).png,2,44
,ははのてづくりエプロン,img\item\topps\topps(1).png,2,44
,はんそでセーラーふく,img\item\topps\topps(1).png,2,44
,はんそでチャイナふく,img\item\topps\topps(1).png,2,44
,はんそでボーダーＴシャツ,img\item\topps\topps(1).png,2,44
,はんそでワイシャツ,img\item\topps\topps(1).png,2,44
,はんてん,img\item\topps\topps(1).png,2,44
,ひよこがらＴシャツ,img\item\topps\topps(1).png,2,44
,へいたいのふく,img\item\topps\topps(1).png,2,44
,ほしがらタンクトップ,img\item\topps\topps(1).png,2,44
,まえむすびＴシャツ,img\item\topps\topps(1).png,2,44
,まえむすびＹシャツ,img\item\topps\topps(1).png,2,44
,みずたまレインコート,img\item\topps\topps(1).png,2,44
,みの,img\item\topps\topps(1).png,2,44
,めいさいMA-1,img\item\topps\topps(1).png,2,44
,めいさいなふく,img\item\topps\topps(1).png,2,44
,めいさいのＭＡ‐１,img\item\topps\topps(1).png,2,44
,めいたんていのふく,img\item\topps\topps(1).png,2,44
,もこもこナイトガウン,img\item\topps\topps(1).png,2,44
,ゆめかわなセーター,img\item\topps\topps(1).png,2,44
,アノラック,img\item\topps\topps(1).png,2,44
,アメフトシャツ,img\item\topps\topps(1).png,2,44
,アランカーディガン,img\item\topps\topps(1).png,2,44
,アランセーター,img\item\topps\topps(1).png,2,44
,アンニョンＴシャツ,img\item\topps\topps(1).png,2,44
,アーガイルのセーター,img\item\topps\topps(1).png,2,44
,アーガイルベスト,img\item\topps\topps(1).png,2,44
,アームプリントＴシャツ,img\item\topps\topps(1).png,2,44
,イヤフォンコーデ,img\item\topps\topps(1).png,2,44
,インセクトアロハ,img\item\topps\topps(1).png,2,44
,ウェスタンなふく,img\item\topps\topps(1).png,2,44
,エプロン,img\item\topps\topps(1).png,2,44
,エースのＴシャツ,img\item\topps\topps(1).png,2,44
,オイルスキンのジャケット,img\item\topps\topps(1).png,2,44
,オラＴシャツ,img\item\topps\topps(1).png,2,44
,オーバーストライプシャツ,img\item\topps\topps(1).png,2,44
,カウボーイシャツ,img\item\topps\topps(1).png,2,44
,カバーオール,img\item\topps\topps(1).png,2,44
,カフェのせいふく,img\item\topps\topps(1).png,2,44
,カメラつきワイシャツ,img\item\topps\topps(1).png,2,44
,カレッジカーディガン,img\item\topps\topps(1).png,2,44
,カンフーなふく,img\item\topps\topps(1).png,2,44
,カーディガン&シャツ,img\item\topps\topps(1).png,2,44
,ガウンコート,img\item\topps\topps(1).png,2,44
,キャリアなジャケット,img\item\topps\topps(1).png,2,44
,キャンパーのTシャツ,img\item\topps\topps(1).png,2,44
,キューバシャツ,img\item\topps\topps(1).png,2,44
,キルティングジャケット,img\item\topps\topps(1).png,2,44
,キルティングダウン,img\item\topps\topps(1).png,2,44
,ギザギザのＴシャツ,img\item\topps\topps(1).png,2,44
,ギンガムチェックのシャツ,img\item\topps\topps(1).png,2,44
,クリスマスセーター,img\item\topps\topps(1).png,2,44
,クルタ,img\item\topps\topps(1).png,2,44
,ケイトのカットソー,img\item\topps\topps(1).png,2,44
,ケイトのコート,img\item\topps\topps(1).png,2,44
,ケミカルデニムジャケット,img\item\topps\topps(1).png,2,44
,コックさんのふく,img\item\topps\topps(1).png,2,44
,コメディアンなふく,img\item\topps\topps(1).png,2,44
,コーチジャケット,img\item\topps\topps(1).png,2,44
,コーディガン,img\item\topps\topps(1).png,2,44
,ゴムエプロン,img\item\topps\topps(1).png,2,44
,ゴールドプリントＴシャツ,img\item\topps\topps(1).png,2,44
,サイクルジャージ,img\item\topps\topps(1).png,2,44
,サイケデリックシャツ,img\item\topps\topps(1).png,2,44
,サッカーのユニフォーム,img\item\topps\topps(1).png,2,44
,シンプルなトレーナー,img\item\topps\topps(1).png,2,44
,シンプルなニット,img\item\topps\topps(1).png,2,44
,シンプルなパーカー,img\item\topps\topps(1).png,2,44
,シンプルドットのＴシャツ,img\item\topps\topps(1).png,2,44
,シンプルフリルキャミソール,img\item\topps\topps(1).png,2,44
,ジャージ,img\item\topps\topps(1).png,2,44
,ジレコーデＴシャツ,img\item\topps\topps(1).png,2,44
,スキーウェア,img\item\topps\topps(1).png,2,44
,スキーダウンジャケット,img\item\topps\topps(1).png,2,44
,スタジャン,img\item\topps\topps(1).png,2,44
,スタッフのふく,img\item\topps\topps(1).png,2,44
,ステンカラーコート,img\item\topps\topps(1).png,2,44
,スノーセーター,img\item\topps\topps(1).png,2,44
,スパイダーなＴシャツ,img\item\topps\topps(1).png,2,44
,スペースパーカー,img\item\topps\topps(1).png,2,44
,スポーツジャージ,img\item\topps\topps(1).png,2,44
,スモック,img\item\topps\topps(1).png,2,44
,スリムニット,img\item\topps\topps(1).png,2,44
,スーツ,img\item\topps\topps(1).png,2,44
,セーラーシャツ,img\item\topps\topps(1).png,2,44
,タイダイＴシャツ,img\item\topps\topps(1).png,2,44
,タカのスカジャン,img\item\topps\topps(1).png,2,44
,タキシード,img\item\topps\topps(1).png,2,44
,タンクトップ,img\item\topps\topps(1).png,2,44
,タンクトップチュニック,img\item\topps\topps(1).png,2,44
,ダイナーなエプロン,img\item\topps\topps(1).png,2,44
,ダイナーのエプロン,img\item\topps\topps(1).png,2,44
,ダウンジャケット,img\item\topps\topps(1).png,2,44
,ダウンベスト,img\item\topps\topps(1).png,2,44
,ダッフルコート,img\item\topps\topps(1).png,2,44
,ダブレット,img\item\topps\topps(1).png,2,44
,ダメージニット,img\item\topps\topps(1).png,2,44
,ダンスジャージ,img\item\topps\topps(1).png,2,44
,チェスターコート,img\item\topps\topps(1).png,2,44
,チェックのチェスターコート,img\item\topps\topps(1).png,2,44
,チェックマフラーつきセーター,img\item\topps\topps(1).png,2,44
,チマヨベスト,img\item\topps\topps(1).png,2,44
,チャイナふく,img\item\topps\topps(1).png,2,44
,チャオＴシャツ,img\item\topps\topps(1).png,2,44
,チュニックシャツ,img\item\topps\topps(1).png,2,44
,チューブトップ,img\item\topps\topps(1).png,2,44
,チョッキつきワイシャツ,img\item\topps\topps(1).png,2,44
,ツイードジャケット,img\item\topps\topps(1).png,2,44
,ツイードベスト,img\item\topps\topps(1).png,2,44
,ツートンのエリつきシャツ,img\item\topps\topps(1).png,2,44
,テニスセーター,img\item\topps\topps(1).png,2,44
,テーラードジャケット,img\item\topps\topps(1).png,2,44
,デニムジャケット,img\item\topps\topps(1).png,2,44
,デンジャラスなタンクトップ,img\item\topps\topps(1).png,2,44
,トナカイセーター,img\item\topps\topps(1).png,2,44
,トラのスカジャン,img\item\topps\topps(1).png,2,44
,トレンチコート,img\item\topps\topps(1).png,2,44
,トレンディーなふく,img\item\topps\topps(1).png,2,44
,ドクロＴシャツ,img\item\topps\topps(1).png,2,44
,ドラゴンのスカジャン,img\item\topps\topps(1).png,2,44
,ドーリーシャツ,img\item\topps\topps(1).png,2,44
,ニーハオＴシャツ,img\item\topps\topps(1).png,2,44
,ネイティブニット,img\item\topps\topps(1).png,2,44
,ネクタイつきワイシャツ,img\item\topps\topps(1).png,2,44
,ネルシャツ,img\item\topps\topps(1).png,2,44
,ノルディックなカーディガン,img\item\topps\topps(1).png,2,44
,ノルディックなセーター,img\item\topps\topps(1).png,2,44
,ノーカラーコート,img\item\topps\topps(1).png,2,44
,ノーカラーシャツ,img\item\topps\topps(1).png,2,44
,ノースリーブえりつきシャツ,img\item\topps\topps(1).png,2,44
,ノースリーブのニット,img\item\topps\topps(1).png,2,44
,ノースリーブパーカー,img\item\topps\topps(1).png,2,44
,ハイセンスなセーター,img\item\topps\topps(1).png,2,44
,ハイＴシャツ,img\item\topps\topps(1).png,2,44
,ハデなカーディガン,img\item\topps\topps(1).png,2,44
,ハデなジャケット,img\item\topps\topps(1).png,2,44
,ハローＴシャツ,img\item\topps\topps(1).png,2,44
,ハートのエプロン,img\item\topps\topps(1).png,2,44
,ハートのセーター,img\item\topps\topps(1).png,2,44
,ハーローＴシャツ,img\item\topps\topps(1).png,2,44
,バイキングのふく,img\item\topps\topps(1).png,2,44
,バスケシャツ,img\item\topps\topps(1).png,2,44
,パインがらのアロハシャツ,img\item\topps\topps(1).png,2,44
,パインがらアロハシャツ,img\item\topps\topps(1).png,2,44
,パッチワークコート,img\item\topps\topps(1).png,2,44
,パーカーオンコート,img\item\topps\topps(1).png,2,44
,パーカーオンＴシャツ,img\item\topps\topps(1).png,2,44
,ヒッピーなふく,img\item\topps\topps(1).png,2,44
,ヒョウがらＴシャツ,img\item\topps\topps(1).png,2,44
,ビスチェキャミ,img\item\topps\topps(1).png,2,44
,ビブス,img\item\topps\topps(1).png,2,44
,ピーコート,img\item\topps\topps(1).png,2,44
,ファイアーなＴシャツ,img\item\topps\topps(1).png,2,44
,フィッシャーヘムト,img\item\topps\topps(1).png,2,44
,フィットネスタンクトップ,img\item\topps\topps(1).png,2,44
,フェイクアニマルコート,img\item\topps\topps(1).png,2,44
,フライトジャケット,img\item\topps\topps(1).png,2,44
,フラダンスなトップス,img\item\topps\topps(1).png,2,44
,フリルパフブラウス,img\item\topps\topps(1).png,2,44
,ブルドッグジャージ,img\item\topps\topps(1).png,2,44
,ブレザー,img\item\topps\topps(1).png,2,44
,ブロックチェックのパフスリーブ,img\item\topps\topps(1).png,2,44
,プリンスなふく,img\item\topps\topps(1).png,2,44
,プリヴェＴシャツ,img\item\topps\topps(1).png,2,44
,プルオーバーアウター,img\item\topps\topps(1).png,2,44
,ヘンリーネックなTシャツ,img\item\topps\topps(1).png,2,44
,ヘンリーネックＴシャツ,img\item\topps\topps(1).png,2,44
,ベストつきワイシャツ,img\item\topps\topps(1).png,2,44
,ベースボールシャツ,img\item\topps\topps(1).png,2,44
,ペザントブラウス,img\item\topps\topps(1).png,2,44
,ホーイＴシャツ,img\item\topps\topps(1).png,2,44
,ボアフリース,img\item\topps\topps(1).png,2,44
,ボアブルゾン,img\item\topps\topps(1).png,2,44
,ボアベスト,img\item\topps\topps(1).png,2,44
,ボウリングシャツ,img\item\topps\topps(1).png,2,44
,ボタニカルＴシャツ,img\item\topps\topps(1).png,2,44
,ボンジュールＴシャツ,img\item\topps\topps(1).png,2,44
,ボーダーのタンクトップ,img\item\topps\topps(1).png,2,44
,ボーダーＴシャツ,img\item\topps\topps(1).png,2,44
,ボーンなＴシャツ,img\item\topps\topps(1).png,2,44
,ポケットつきＴシャツ,img\item\topps\topps(1).png,2,44
,ポリネシアンなアロハ,img\item\topps\topps(1).png,2,44
,ポロシャツ,img\item\topps\topps(1).png,2,44
,ポンチョふうニット,img\item\topps\topps(1).png,2,44
,ポンチョコート,img\item\topps\topps(1).png,2,44
,ポンポンセーター,img\item\topps\topps(1).png,2,44
,マウンテンパーカー,img\item\topps\topps(1).png,2,44
,マッスルタンクトップ,img\item\topps\topps(1).png,2,44
,マドラスチェックシャツ,img\item\topps\topps(1).png,2,44
,マルチボーダーニット,img\item\topps\topps(1).png,2,44
,マーブルドットのＴシャツ,img\item\topps\topps(1).png,2,44
,ミュージックフェスなふく,img\item\topps\topps(1).png,2,44
,ミームなふく,img\item\topps\topps(1).png,2,44
,ムートンコート,img\item\topps\topps(1).png,2,44
,モッズコート,img\item\topps\topps(1).png,2,44
,モヘアふうニット,img\item\topps\topps(1).png,2,44
,モーニングコート,img\item\topps\topps(1).png,2,44
,ヤンチャながくせいふく,img\item\topps\topps(1).png,2,44
,ヨレヨレなシャツ,img\item\topps\topps(1).png,2,44
,ライダースジャケット,img\item\topps\topps(1).png,2,44
,ラガーシャツ,img\item\topps\topps(1).png,2,44
,ラグランＴシャツ,img\item\topps\topps(1).png,2,44
,ラメししゅうノースリーブ,img\item\topps\topps(1).png,2,44
,リボンショルダーキャミ,img\item\topps\topps(1).png,2,44
,レインコート,img\item\topps\topps(1).png,2,44
,レインボーなニット,img\item\topps\topps(1).png,2,44
,レザートレンチ,img\item\topps\topps(1).png,2,44
,レトロなコート,img\item\topps\topps(1).png,2,44
,レペゼンなふく,img\item\topps\topps(1).png,2,44
,レースのキャミソール,img\item\topps\topps(1).png,2,44
,レースのシャツ,img\item\topps\topps(1).png,2,44
,ワイシャツ,img\item\topps\topps(1).png,2,44
,ワークアウトトップス,img\item\topps\topps(1).png,2,44
,ワークエプロン,img\item\topps\topps(1).png,2,44
,ワークシャツ,img\item\topps\topps(1).png,2,44
,ヴァンパイアのふく,img\item\topps\topps(1).png,2,44
,１ばんだまのふく,img\item\topps\topps(1).png,2,44
,２ばんだまのふく,img\item\topps\topps(1).png,2,44
,３ばんだまのふく,img\item\topps\topps(1).png,2,44
,４ばんだまのふく,img\item\topps\topps(1).png,2,44
,５ばんだまのふく,img\item\topps\topps(1).png,2,44
,６ばんだまのふく,img\item\topps\topps(1).png,2,44
,７ばんだまのふく,img\item\topps\topps(1).png,2,44
,８ばんだまのふく,img\item\topps\topps(1).png,2,44
,９ばんだまのふく,img\item\topps\topps(1).png,2,44
,ＤＡＬのＭＡ‐１,img\item\topps\topps(1).png,2,44
,ＤＡＬのＴシャツ,img\item\topps\topps(1).png,2,44
,ＤＡＬエプロン,img\item\topps\topps(1).png,2,44
,ＭＡ‐１,img\item\topps\topps(1).png,2,44
,ＭＶＰなＴシャツ,img\item\topps\topps(1).png,2,44
,Ｖネックセーター,img\item\topps\topps(1).png,2,44
